New York,NY
Los Angeles,CA
Chicago,IL
Houston,TX
Phoenix,AZ
Philadelphia,PA
San Antonio,TX
San Diego,CA
Dallas,TX
San Jose,CA
Austin,TX
Jacksonville,FL
Fort Worth,TX
Columbus,OH
Charlotte,NC
Indianapolis,IN
San Francisco,CA
Seattle,WA
Denver,CO
Washington,DC
Boston,MA
Nashville,TN
Detroit,MI
Memphis,TN
Portland,OR
Oklahoma City,OK
Las Vegas,NV
Louisville,KY
Baltimore,MD
Milwaukee,WI
Albuquerque,NM
Tucson,AZ
Fresno,CA
Sacramento,CA
Mesa,AZ
Kansas City,MO
Atlanta,GA
Colorado Springs,CO
Miami,FL
Raleigh,NC
City,State
Anchorage,AK
Birmingham,AL
Little Rock,AR
Scottsdale,AZ
Irvine,CA
Long Beach,CA
Oakland,CA
Colorado Springs,CO
Bridgeport,CT
Wilmington,DE
Tallahassee,FL
St. Petersburg,FL
Athens,GA
Savannah,GA
Boise,ID
Naperville,IL
Springfield,IL
Fort Wayne,IN
Des Moines,IA
Wichita,KS
Lexington,KY
Baton Rouge,LA
New Orleans,LA
Portland,ME
Baltimore,MD
Worcester,MA
Springfield,MA
Grand Rapids,MI
Minneapolis,MN
St. Paul,MN
Jackson,MS
Columbia,MO
St. Louis,MO
Billings,MT
Omaha,NE
Lincoln,NE
Las Vegas,NV
Reno,NV
Manchester,NH
Newark,NJ
Jersey City,NJ
Albuquerque,NM
Santa Fe,NM
Buffalo,NY
Rochester,NY
Syracuse,NY
Greensboro,NC
Durham,NC
Fargo,ND
Cleveland,OH
Toledo,OH
Norman,OK
Tulsa,OK
Eugene,OR
Salem,OR
Allentown,PA
Erie,PA
Providence,RI
Charleston,SC
Sioux Falls,SD
Knoxville,TN
Chattanooga,TN
Lubbock,TX
El Paso,TX
McAllen,TX
Salt Lake City,UT
Provo,UT
Burlington,VT
Virginia Beach,VA
Norfolk,VA
Spokane,WA
Tacoma,WA
Charleston,WV
Madison,WI
Cheyenne,WY
